Title,Subject,Activity types,Description,URL,Companion links,Status
Morpheme Missions,Morphology,Word work; Practice questions; Printables,"Build words from full bases, prefixes and suffixes. Practise spelling changes and meaning in context, or print a six-word activity.",https://interactives.blackgold.ca/morpheme-missions/,,
Word Detective,Morphology,Word work; Sorting; Practice questions; Printables,"Sort word families, investigate lookalikes and compare affix jobs. Ten cases include explained feedback and printable activities.",https://interactives.blackgold.ca/word-detective/,,
Vocabulary Arcade,Reading & writing,Word work; Matching; Flashcards; Practice questions,"One word set, five ways to practise: matching, clues, swiping, scrambling, and flashcards.",https://interactives.blackgold.ca/vocabularyarcadevisual/,,
Writer Spark,Reading & writing,Writing; Graphic organisers,"Choose a story starter, map ideas, organise a narrative, or freewrite. Save and reopen your project as you develop it.",https://maltais239.github.io/interactives/writerspark/,,
InfoSpark,Reading & writing,Writing; Graphic organisers,"Gather facts, statistics and quotes, then build informational or persuasive writing one paragraph at a time.",https://maltais239.github.io/interactives/infospark/,,
Writer Spark Practice,Reading & writing,Writing; Practice questions,"Upgrade sentences, explore synonym webs, and build richer scenes. Keep saved vocabulary and scene notebooks or download your writing.",https://maltais239.github.io/interactives/writersparkpracticeapp/,,
Rooting For You!,Morphology,Word work; Practice questions,"Reveal roots, use context clues, and work out what a whole word means. Complete a 20-word journey and revisit words you found tricky.",https://maltais239.github.io/interactives/rootwords/,,
Moon Phase Lab,Science,Simulations & models; Practice questions,"Move one Moon around Earth, watch the view from Earth change, then match and name the phases.",https://maltais239.github.io/interactives/moonphases/,En français: https://maltais239.github.io/interactives/moonphases-fr/,
GeoTrek,Geography,Maps & geography; Practice questions,Travel from one country to another by choosing neighbouring countries. Use clues to plan your route.,https://maltais239.github.io/interactives/geotrek/,,
Mackwood Mapping,Geography,Maps & geography; Practice questions,Choose a region and identify countries by clicking the map. Track your progress through the challenge.,https://interactives.blackgold.ca/Mackwoodmapping/,,
Thinking & Dialogue,Thinking tools,Communication; Printables,"Learn how to lead thinking routines and discussion activities in any subject. Includes Socratic dialogue, seminar walkthroughs, teacher scripts, student prompts and printable guides.",https://interactives.blackgold.ca/thinkingroutines/,Discussion skills: https://interactives.blackgold.ca/thinkingroutines/#discussion-skills,
Thinking Routines,Thinking tools,Graphic organisers; Writing,"Choose a Social Studies outcome and lesson phase, then find a routine with a ready-to-use teacher process.",https://interactives.blackgold.ca/thinkingroutines8/,Grade 7: https://interactives.blackgold.ca/thinkingroutines7/; Grade 9: https://interactives.blackgold.ca/thinkingroutines9/; Any subject: https://interactives.blackgold.ca/thinkingroutines/,
Cashier Change Challenge,Maths,Simulations & models; Practice questions,"Calculate change using real Canadian bills and coins. Work through eight transactions with drag, tap or keyboard controls and an optional timer.",https://maltais239.github.io/interactives/makechange/,,
WordWorks Lab,Morphology,Word work; Practice questions,"Explore word families, compare affix meanings and spelling changes, then build words in an eight-question quest with clues and feedback.",https://interactives.blackgold.ca/wordworks-lab/,,
Print & Play Cards,Reading & writing,Printables; Word work; Builders; Flashcards,"Choose alphabet pictures or sight words, preview the primary writing lines, and print practice pages.",https://interactives.blackgold.ca/alphabet-picture-cards/,,
Accessible Periodic Table,Science,Simulations & models; Reading & annotation,"Search elements, hear their names and details, and switch to large element cards.",https://interactives.blackgold.ca/accessible-periodic-table/,,
Space Arcade,Science,Simulations & models; Practice questions,"Read, move sticky notes, sort evidence, weigh choices, and build a mission plan across eight activities.",https://interactives.blackgold.ca/space-activities/,,
Water Cycle Explorer,Science,Simulations & models; Practice questions,"Explore water pathways on an illustrated landscape, then try labelling the cycle yourself.",https://maltais239.github.io/interactives/water-cycle-explorer/,,
Fraction Explorer,Maths,Simulations & models; Practice questions,"Build visual fractions, compare denominators, and practise simplifying and fraction operations.",https://interactives.blackgold.ca/fractionexplorer/,,
HEX-Thinker,Thinking tools,Graphic organisers,"Add your own terms, move the hexagons, and explain connections between ideas.",https://interactives.blackgold.ca/HEX-Thinker/,,
Association Triangle,Thinking tools,Graphic organisers,"Connect three terms, quotes, or images. Explain each relationship and bring the ideas together.",https://interactives.blackgold.ca/ASC-Triangle/,,
Canadian Geography: Local Places,Geography,Maps & geography; Practice questions,"Start in your community, then follow direction clues to find Canadian places. Use the map or place list, take hints, and explore freely.",https://maltais239.github.io/interactives/Canadiangeochallenge1/,,
Pirate Mapping,Geography,Maps & geography; Practice questions,"Follow compass clues, three-stop trails or grid references. Steer across the original island map and collect five hidden treasures.",https://maltais239.github.io/interactives/piratemapping/,,
Canada Fact Finder,Geography,Maps & geography; Practice questions,Click a province or territory to discover facts about it.,https://maltais239.github.io/interactives/Canadiangeographyfacts1/,,
Provinces & Territories Map Challenge,Geography,Maps & geography; Practice questions,Read a clue and find the correct province or territory on the map.,https://maltais239.github.io/interactives/Canadiangeographyquiz1/,,
Alberta Regions & Subregions,Geography,Maps & geography; Practice questions,Explore Alberta’s natural regions and the subregions within them.,https://maltais239.github.io/interactives/RegionsofAlberta/,,
Alberta Regions Explorer,Geography,Maps & geography; Practice questions,Use a simpler regional map to explore Alberta’s major natural regions.,https://maltais239.github.io/interactives/simpleregionsofAlberta/,,
Alberta Regions Quiz,Geography,Maps & geography; Practice questions,"Explore, quiz, or practise identifying Alberta’s natural regions.",https://maltais239.github.io/interactives/Albertaregionsgame/,,
Canada’s Physiographic Regions,Geography,Maps & geography; Practice questions,Explore the physical regions that shape Canada’s landscape.,https://maltais239.github.io/interactives/RegionsofCanada/,,
Canada’s Regions Quiz,Geography,Maps & geography; Practice questions,"Use explore, quiz, and practice modes to learn Canada’s physical regions.",https://maltais239.github.io/interactives/RegionsofCanadaquiz/,,
Place Names of Alberta,Geography,Maps & geography; Practice questions,Investigate the stories and origins behind Alberta place names.,https://maltais239.github.io/interactives/placenamesofAlberta/,,
"Provinces, Territories & Capitals",Geography,Maps & geography; Practice questions,"Explore and practise Canada’s provinces, territories, and capital cities.",https://maltais239.github.io/interactives/Canadiangeographychallenge2/,,
Label Canada,Geography,Maps & geography; Practice questions,Drag province and territory labels onto the correct places on the map.,https://maltais239.github.io/interactives/labelCanada/,,
Mixed-Up Canada Puzzle,Geography,Maps & geography; Practice questions,Move the province and territory pieces to put Canada back together.,https://maltais239.github.io/interactives/mixedupcanadapuzzle/,,
Learn the Countries of the World,Geography,Maps & geography; Practice questions,"Explore countries, answer map questions, and practise by world region.",https://maltais239.github.io/interactives/worldgeography195/,,
Label the Countries of the World,Geography,Maps & geography; Practice questions,Drag country names onto the map and work through smaller regions.,https://maltais239.github.io/interactives/labeltheworld/,,
CanadaTrek,Geography,Maps & geography; Practice questions,"Travel between provinces, territories, or capitals using neighbouring places.",https://maltais239.github.io/interactives/Canadageotrek/,,
Continents Identification,Geography,Maps & geography; Practice questions,Use the world map to identify and practise the continents.,https://maltais239.github.io/interactives/continentsgame/,,
Latitude & Longitude,Geography,Maps & geography; Practice questions,"Explore a labelled world grid, find eight target coordinates, and use north/south/east/west feedback to improve each location.",https://maltais239.github.io/interactives/latitudelongitude/,,
US States,Geography,Maps & geography; Practice questions,"Explore, quiz, and practise identifying US states on the map.",https://maltais239.github.io/interactives/USstates/,,
US States GeoTrek,Geography,Maps & geography; Practice questions,Build a route between states by choosing neighbouring states.,https://maltais239.github.io/interactives/geotrekUSA/,,
Geo Colouring Page,Geography,Maps & geography; Drawing; Printables,Open a map outline and print a colouring page for classroom use.,https://maltais239.github.io/interactives/Albertaregionscoloringpage/,,
Alberta Colouring Template,Geography,Maps & geography; Printables,Open the editable Google Slides template for Alberta’s regions.,https://docs.google.com/presentation/d/122ll02KnyW5R4zZR-RErknaxBoaUPagvA09RAi6QidQ/edit?usp=drive_link,,
Provinces & Territories Colouring Template,Geography,Maps & geography; Printables,Open the editable Google Slides template for Canada’s provinces and territories.,https://docs.google.com/presentation/d/1772O1H0pJWk2i2fc3C8dk826tjjMLNLSXMesVtNXIxw/edit?usp=drive_link,,
Canada Regions Colouring Template,Geography,Maps & geography; Printables,Open the editable Google Slides template for Canada’s physical regions.,https://docs.google.com/presentation/d/1uaISH7AXTFNQfInydlrWDPggw0lNsrf9GxzXV2iz25Y/edit?usp=drive_link,,
Numbered Treaties of Canada,Geography,Maps & geography; Practice questions,Explore numbered treaty areas and read the information shown for each.,https://maltais239.github.io/interactives/numberedtreaties/,,
Grade 3 Treaty Explorer,Geography,Maps & geography; Practice questions,Zoom in on treaty areas and use the map to gather information for research.,https://maltais239.github.io/interactives/grade3numberedtreaties/,,
Mapmaster with Subregions,Geography,Maps & geography; Practice questions,"Study or identify countries in world regions and smaller subregions, including the Middle East.",https://interactives.blackgold.ca/mapmastersubregions/,,
Canada Map Challenge,Geography,Maps & geography; Practice questions,"Read a province or territory clue, locate the answer, and ask for a hint when you need one.",https://maltais239.github.io/interactives/canada-map-challenge/,,
Heart Word Mapper,Reading & writing,Word work; Flashcards,Map sounds and mark the parts learned by heart. Practise a checked starter set or review and edit mappings from the full teacher library.,https://maltais239.github.io/interactives/heartwords/,,
"Sound, Structure, Spell",Reading & writing,Word work; Sorting; Writing,"Explore a spelling pattern through word sorts, listening, analogies, and sentence writing.",https://maltais239.github.io/interactives/soundstructurespell/,,
Sentence Building,Reading & writing,Writing; Builders; Printables,"Print cut-and-paste word cards to build sentences, then check capitals, punctuation and meaning.",https://maltais239.github.io/interactives/flyleaf2.0/,,
Reading Maze Printables,Reading & writing,Printables; Reading & annotation; Practice questions,"Print reading passages for a timed word-choice assessment in context, with directions for administering and scoring.",https://maltais239.github.io/interactives/MAZE/,,
Boreal Forest Comprehension,Reading & writing,Reading & annotation,"Investigate energy and nutrients in Alberta’s boreal forest. Select five key ideas, explain their importance, and check your understanding.",https://maltais239.github.io/interactives/readinginteractiveborealforest/,,
Ecosystems Annotation,Reading & writing,Reading & annotation,Read an ecosystems passage and mark evidence using the annotation tools.,https://maltais239.github.io/interactives/livingsystemsreadingpassage/,En français: https://maltais239.github.io/interactives/livingsystemsreadingpassageFR/,
Definition Draw,Reading & writing,Drawing; Word work,"Draw a word’s meaning, compare it with the definition, and explain your thinking. Use undo and redo, import a set, or save your drawing.",https://maltais239.github.io/interactives/definitiondraw/,,
Make Your Own Flashcards,Reading & writing,Flashcards; Builders,"Create or import your own term-and-definition deck. Flip cards, mark words to revisit, and export or print your set.",https://maltais239.github.io/interactives/generateyourownflashcards/,Sample flashcards: https://maltais239.github.io/interactives/basicflashcards/,
Vocabulary Match Builder,Teacher tools,Matching; Builders,Enter term-and-definition pairs and export a vocabulary matching game for students.,https://maltais239.github.io/interactives/vocabmatchbuilder/,,
Vocabulary Graphic Organiser,Reading & writing,Graphic organisers; Word work,"Explore a word through definitions, synonyms, antonyms and an example sentence.",https://maltais239.github.io/interactives/vocabgraphicorganizer/,,
Magnetic Morphology Boards,Morphology,Word work; Printables,"Reveal and explain the parts of 52 words, mark tricky words for review, or print the original paired challenge-and-answer boards.",https://maltais239.github.io/interactives/morphologyboard/,,
Magnetic Morphology Flashcards,Morphology,Word work; Flashcards; Printables,"Practise 52 word constructions with meanings and spelling notes, then print two-sided cards for magnetic-letter word building.",https://maltais239.github.io/interactives/morphologycards2/,,
Can I Have a Word?,Morphology,Word work; Builders,"Select word-part tiles to collect words across six families. Use clues, restart a family, or create and save a custom set with reachable targets.",https://maltais239.github.io/interactives/custommorphologygame/,Original version: https://maltais239.github.io/interactives/morphologygame/,
Morpheme Match-Up,Morphology,Word work; Matching,"Build and collect words in four root families. Use collected words as new bases, investigate spelling changes, and choose an optional timed challenge.",https://maltais239.github.io/interactives/morphemematchup/,,
Morpheme Game Generator,Teacher tools,Word work; Builders,"Load editable word-family clues, add meanings and spelling notes, then preview and download a student game you can open or share.",https://maltais239.github.io/interactives/teachermorphologymaker/,,
Dropdown Questions,Question practice,Practice questions,Use source statements about rights and freedoms to choose answers from dropdown menus.,https://maltais239.github.io/interactives/dropdownmaker/,,
Cacao Reading Questions,Question practice,Practice questions; Reading & annotation,Read how cacao becomes chocolate and answer multiple-choice questions about the passage.,https://maltais239.github.io/interactives/mcquestions/,,
Order the Cacao Steps,Question practice,Sequencing; Practice questions,"Drag the stages of making chocolate into the correct sequence, then check the order.",https://maltais239.github.io/interactives/orderingsteps/,,
Interactive Math Task Cards,Question practice,Flashcards; Practice questions,Flip maths task cards to check the answers and generate a new set of challenges.,https://maltais239.github.io/interactives/math4taskcards/,,
Building & Breaking Numbers,Maths,Practice questions; Simulations & models,"Build, break and trade numbers with visual models. Each skill adapts independently, with a hands-on number lab and a teacher progress view.",https://maltais239.github.io/interactives/preassess/,,
Number Sense,Maths,Practice questions,"Choose a number topic, answer practice questions, and use hints as you work.",https://maltais239.github.io/interactives/numbersense6/,,
Science Practice Questions,Question practice,Practice questions,Practise science questions in a game-style review with immediate answer feedback.,https://maltais239.github.io/interactives/PATpracticescience6/,,
Pratique des mathématiques,Question practice,Practice questions,Review maths concepts through French-language practice questions.,https://maltais239.github.io/interactives/PATpracticemath6FR/,,
Biotic & Abiotic Sort,Science,Sorting,"Sort ecosystem components into biotic and abiotic groups. Select and place cards or drag them, then check and revise your choices.",https://maltais239.github.io/interactives/abioticbioticsort/,,
Animal Diets Sort,Science,Sorting,"Classify animals as herbivores, carnivores or omnivores. Use the original picture cards with tap, keyboard or drag controls.",https://maltais239.github.io/interactives/animaldiets/,,
States of Matter Sort,Science,Sorting,"Sort particle-model clues and properties into solids, liquids and gases. Check your placements and move cards to revise them.",https://maltais239.github.io/interactives/statesofmattersort/,,
Transparent & Opaque Sort,Science,Sorting,"Compare pictured materials and classify how they let light pass through. Place cards, check your choices, and try again.",https://maltais239.github.io/interactives/transparentopaque/,,
Renewable Energy Sort,Science,Sorting,"Classify energy sources as renewable or non-renewable. Use picture cards with drag, tap or keyboard placement, then check your reasoning.",https://maltais239.github.io/interactives/renewablenonrenewable/,,
Weather & Climate Sort,Science,Sorting,"Separate short-term weather observations from climate patterns. Place the cards, check your answers, and revise tricky examples.",https://maltais239.github.io/interactives/weathervsclimate/,,
Natural & Processed Materials,Science,Sorting,"Sort pictured materials into natural and processed groups. Select a card and category, or drag it, then check your placements.",https://maltais239.github.io/interactives/naturalprocessedsort/,,
Levels of Government Sort,Social studies,Sorting,"Sort responsibilities among Canada's municipal, provincial and federal governments.",https://interactives.blackgold.ca/governmentsorting/,En français: https://maltais239.github.io/interactives/ordersofgovernmentfr/,
Wants & Needs Sort,Social studies,Sorting,"Sort everyday examples into wants and needs, then discuss how circumstances can affect the choices. Check, revise and restart the sort.",https://maltais239.github.io/interactives/wantsandneedssort/,,
Trade & Resources Sort,Social studies,Sorting,"Classify examples about trade and resources, then check your decisions.",https://maltais239.github.io/interactives/traderesources2/,En français: https://maltais239.github.io/interactives/commerceetressources/,
Sorting Game Builder,Teacher tools,Sorting; Builders,"Build a custom card sort, add optional images, and test the student game. Download the complete game or a project you can edit later.",https://maltais239.github.io/interactives/sortingcreator/,,
Integer Operations Explorer,Maths,Simulations & models; Practice questions,Explore positive and negative numbers with visual models and operation practice.,https://interactives.blackgold.ca/integerexplorer/,Advanced version: https://interactives.blackgold.ca/integerexploreradvanced/,
Rational Numbers Explorer,Maths,Simulations & models; Practice questions,"Connect fractions, decimals and negative numbers using visual models and practice.",https://interactives.blackgold.ca/rationalnumbers/,,
Ordering Rational Numbers,Maths,Sequencing; Practice questions,Compare rational numbers and arrange them in order.,https://interactives.blackgold.ca/orderingrationalnumbers/,,
Irrational Numbers Explorer,Maths,Simulations & models; Practice questions,"Explore square roots, irrational values and their locations on a number line.",https://interactives.blackgold.ca/irrationalnumbers/,,
Rational or Irrational?,Maths,Sorting; Practice questions,Sort number expressions into rational and irrational groups.,https://interactives.blackgold.ca/numbersorter/,,
Real Number Drop,Maths,Sorting; Practice questions,Move the basket to catch falling numbers that belong to the target number category.,https://interactives.blackgold.ca/realnumberdrop/,,
Perfect Squares & Cubes,Maths,Simulations & models; Practice questions,"Explore squares and cubes with models, then connect them with roots.",https://interactives.blackgold.ca/perfectsquaresandcubes/,Squares & rational numbers: https://interactives.blackgold.ca/perfectsquaresexplorer/,
Exponent Explorer,Maths,Simulations & models; Practice questions,"Explore powers, connect repeated multiplication with exponents, and practise exponent rules.",https://interactives.blackgold.ca/exponentexplorer/,Power Explorer: https://interactives.blackgold.ca/powerexplorer/; Exponent game: https://interactives.blackgold.ca/exponentsgame/,
Polynomial Explorer,Maths,Simulations & models; Practice questions,Model polynomial expressions and explore how terms combine.,https://interactives.blackgold.ca/polynomials/,,
A Year in the Life,Maths,Simulations & models; Decision games,Make financial decisions across a simulated year and see how choices affect a budget.,https://interactives.blackgold.ca/grade7life/,,
Base 10 Blocks,Maths,Simulations & models,Build numbers with place-value blocks and explore regrouping.,https://maltais239.github.io/interactives/base10/,,
Ocean Counting Explorer,Maths,Practice questions; Simulations & models,Count groups of ocean creatures and practise matching quantities with numbers.,https://maltais239.github.io/interactives/oceancounting/,,
What's the Angle?,Maths,Practice questions; Simulations & models,"Construct eight target angles on a protractor. Adjust the arm by pointer or keyboard, use optional support, and compare your measurement.",https://maltais239.github.io/interactives/findtheangle1/,,
Forest Math Adventure,Maths,Practice questions,"Practise counting forwards, backwards and in steps through a forest adventure.",https://maltais239.github.io/interactives/forestmath1/,,
Pattern Detective,Maths,Practice questions; Sorting; Sequencing,"Spot mistakes in patterns, sort odd and even numbers, and follow number paths.",https://maltais239.github.io/interactives/patterndetective3/,Pattern Quest: https://maltais239.github.io/interactives/patternquest3/,
Make the Amount,Maths,Simulations & models; Practice questions,"Drag Canadian coins and bills into the box to build a target amount, then check your work.",https://maltais239.github.io/interactives/moneysorting/,,
Space Math Explorers,Maths,Practice questions; Simulations & models,Explore sharing and number challenges with a space setting.,https://maltais239.github.io/interactives/spacesharing/,,
Photosynthesis Virtual Lab,Science,Simulations & models,"Change one growing condition at a time and compare photosynthesis model results. Save trials, inspect graphs, and export your observations.",https://interactives.blackgold.ca/photosynthesislab/,,
Science Inquiry Builder,Science,Builders; Practice questions; Graphic organisers,Build a science investigation around a curriculum outcome and choose from several activity formats.,https://interactives.blackgold.ca/science-inquiry-builder/,,
Interactive Plant Grower,Science,Simulations & models; Decision games,"Care for a virtual plant, step through growth at your own pace, and record observations about its needs. Save notes and export the growth log.",https://maltais239.github.io/interactives/planttamagotchi/,,
Interactive Creature Care,Science,Simulations & models; Decision games,"Care for the original virtual bear, observe its needs, and step through growth. Record notes and export the observation log.",https://maltais239.github.io/interactives/animaltamagotchi/,,
STRATA: Alberta Field Excavation,Science,Simulations & models; Decision games,"Excavate eight Alberta sites, inspect real fossil photographs, and save observations, evidence checks and comparisons in your field notebook.",https://maltais239.github.io/interactives/dinodig/,,
Life Cycles,Science,Sequencing,Arrange stages to show how living things grow and change.,https://maltais239.github.io/interactives/lifecyclesinteractive/,,
Seasons Explorer,Science,Sorting,"Sort seasonal objects and changes into spring, summer, autumn and winter.",https://maltais239.github.io/interactives/seasonexplorer1/,,
Food Chain Challenge,Science,Sequencing; Simulations & models,Build food-chain connections using organisms found in Alberta.,https://maltais239.github.io/interactives/foodchain/,,
Weather Dashboard,Science,Builders; Graphic organisers,Enter weather observations and create a forecast dashboard.,https://maltais239.github.io/interactives/weatherforecastcreator/,,
Ionic Nomenclature,Science,Practice questions,Practise connecting ionic compound names and chemical formulas.,https://interactives.blackgold.ca/ionicnomenclature/,,
Alberta's Boundaries,Geography,Reading & annotation; Word work,"Read about Alberta’s physical and political boundaries, investigate four vocabulary terms, and answer questions using evidence from the passage.",https://maltais239.github.io/interactives/physicalandpoliticalboundaries/,,
Civilizations of the World,Geography,Maps & geography; Reading & annotation,Explore the locations and curriculum connections of ancient civilizations.,https://maltais239.github.io/interactives/ancientcivilizations/,,
Port Royal Map,Geography,Maps & geography,Explore Port Royal and use its map to investigate a historic settlement.,https://maltais239.github.io/interactives/portroyalmap/,,
Civilizations & Trade Routes,Geography,Maps & geography; Practice questions,"Explore ancient civilizations and major trade routes, including the Silk Road and the Royal Road.",https://maltais239.github.io/interactives/Charbonneaumapyouknow/,,
Canadian Geography Hub,Geography,Maps & geography; Practice questions,Explore and practise Canadian geography through several map-based challenges.,https://maltais239.github.io/interactives/Canadiangeographyhub/,,
Canada Provinces Colouring Page,Geography,Printables; Maps & geography,Print an outline map of the provinces and territories for colouring and labelling.,https://maltais239.github.io/interactives/Canadianprovincescoloring/,,
Canada Regions Colouring Page,Geography,Printables; Maps & geography,Print an outline map of Canada’s physical regions for colouring and discussion.,https://maltais239.github.io/interactives/Canadianregionscoloring/,,
Numbered Treaties: Alberta Focus,Geography,Maps & geography,Explore numbered treaty areas with a focus on Alberta.,https://maltais239.github.io/interactives/numberedtreatiesAlberta/,,
Place Names of Alberta: Grade 3,Geography,Maps & geography; Reading & annotation,"Explore the stories behind Alberta place names in a visual, student-friendly map activity.",https://maltais239.github.io/interactives/placenamesgrade3/,,
Social Studies 7–9 Activities,Social studies,Sorting; Matching; Sequencing; Graphic organisers; Practice questions,"Open a hub of 22 activities: sorting, matching, sequencing, comparisons and spectrum tasks for Social Studies 7–9.",https://maltais239.github.io/interactives/social-studies-7-9/,,
Ideology Spectrum Analyzer,Social studies,Simulations & models; Practice questions,Place ideas and choices on a spectrum between individualism and collectivism.,https://maltais239.github.io/interactives/ideologyscanner/,,
Roots of Ideology,Social studies,Reading & annotation; Practice questions,Explore the values and ideas that shape individualist and collectivist perspectives.,https://maltais239.github.io/interactives/rootsofideology/,,
Cultural Contact: Perspectives,Social studies,Decision games; Reading & annotation,Follow a decision journey through different perspectives on contact between European explorers and Indigenous peoples.,https://interactives.blackgold.ca/perspectivesoncontact/,,
Fur Trade Game,Social studies,Decision games,Make choices in a fur-trade scenario and explore their consequences.,https://maltais239.github.io/interactives/furtrade/,,
Government Leaders & Responsibilities,Social studies,Sorting,"Sort government leaders and services into separate federal, provincial and municipal categories.",https://maltais239.github.io/interactives/3levelsofgovernment/,En français: https://maltais239.github.io/interactives/Troisniveauxdegouvernement/,
Systems of Government,Social studies,Reading & annotation; Writing; Sorting; Practice questions,Explore democracy in Canada through an interactive government activity.,https://maltais239.github.io/interactives/MMGovernment/,En français: https://maltais239.github.io/interactives/MMGovernmentFR/,
Symbols of Alberta Memory Game,Social studies,Matching; Flashcards,Turn over cards and match Alberta's symbols.,https://maltais239.github.io/interactives/mandrykmemorymatch/,,
Alberta Millionaire Quiz,Social studies,Practice questions,Test your knowledge of Alberta in a multiple-choice quiz challenge.,https://maltais239.github.io/interactives/mandrykmillions/,,
Knowledge Spark,Social studies,Graphic organisers; Reading & annotation; Writing,"Read, organise ideas, and show what you know about a Social Studies topic.",https://maltais239.github.io/interactives/knowledgesparktp4/,,
Image Spark,Thinking tools,Reading & annotation; Graphic organisers,"Look closely at an image, gather observations, and develop questions and interpretations.",https://maltais239.github.io/interactives/imagespark/,,
Interactive Frayer Model,Thinking tools,Graphic organisers; Writing,"Explore a concept through its definition, characteristics, examples and non-examples.",https://interactives.blackgold.ca/frayerblankjpg/,,
Venn Diagram Sorting,Thinking tools,Sorting; Graphic organisers,"Sort animal cards by whether they swim, fly, or do both, using an overlapping Venn diagram.",https://maltais239.github.io/interactives/venndiagram/,,
Two Truths and a Lie,Teacher tools,Builders; Practice questions,Create and present a two-truths-and-a-lie activity for discussion and review.,https://interactives.blackgold.ca/twotruthsandalie/,,
Learn About My Friends,Teacher tools,Builders; Practice questions,Build a classroom question activity that helps learners share and get to know one another.,https://interactives.blackgold.ca/myfriendsquestionoftheweek/,,
Science Video Script Builder,Teacher tools,Builders; Writing; Sequencing,Move source ideas into scenes and develop a video script about particle theory.,https://maltais239.github.io/interactives/vidsscriptmaker/,,
DocuClear,Accessibility,Reading & annotation; Builders,Extract text from a PDF into a clearer reading view.,https://interactives.blackgold.ca/docuclear/,,
AAC Communication Board,Accessibility,Communication,Use a visual communication board to express needs and ideas.,https://maltais239.github.io/interactives/AACboard/,,
Yes / No Board,Accessibility,Communication,Use large yes and no choices to support communication.,https://maltais239.github.io/interactives/yesno/,,
Visual Schedule,Accessibility,Communication; Sequencing; Builders,Build and follow a sequence of visual activities for the day.,https://maltais239.github.io/interactives/visualschedule/,,
Bee-Bot Adventure,Robotics,Coding & robotics; Sequencing,Plan a route and test a sequence of movement commands on a grid.,https://maltais239.github.io/interactives/beebot/,,
Code & Go Maze,Robotics,Coding & robotics; Sequencing,Plan a route through a maze and use movement commands to reach the goal.,https://maltais239.github.io/interactives/codeandgo/,,
Tale-Bot Adventure,Robotics,Coding & robotics; Sequencing,Create a sequence of commands and guide Tale-Bot across an activity grid.,https://maltais239.github.io/interactives/talebotgame/,,
Three-Minute Italian,Languages,Word work; Practice questions,Practise Italian words in a short vocabulary session.,https://maltais239.github.io/interactives/3minuteItalian/,,
Spanish Spark,Languages,Word work; Matching; Practice questions,"Build Spanish words and phrases, match vocabulary, and practise a mix of questions.",https://maltais239.github.io/interactives/Spanishpractice/,,
Français Québec Practice,Languages,Word work; Practice questions,Practise French vocabulary and useful language in a Québec-focused learning tool.,https://maltais239.github.io/interactives/pratiquefrancais/,,
English Learning Game,Languages,Word work; Practice questions,Practise English vocabulary through a game with visual choices.,https://maltais239.github.io/interactives/Englishlearninggame/,,
English Practice for Chinese Speakers,Languages,Word work; Practice questions,Practise everyday English with support for Chinese-speaking learners.,https://interactives.blackgold.ca/RiverviewEnglish/,,
Function Machine Detective,Maths,Practice questions; Simulations & models; Builders; Printables,"Study input/output tables, test equivalent rules, and predict a new output. Build your own machine and print a classroom challenge.",https://maltais239.github.io/interactives/walker-corner/functions/,Mr. Walker’s Corner: https://maltais239.github.io/interactives/walker-corner/; Tyler’s original: https://sites.google.com/gshare.blackgold.ca/creatingfunctions/home,
Bridge Test Lab,Science,Simulations & models; Decision games; Builders; Printables,"Design a bridge within a budget, test changing conditions, and compare saved trials. Explain what your classroom model shows.",https://maltais239.github.io/interactives/walker-corner/bridge/,Mr. Walker’s Corner: https://maltais239.github.io/interactives/walker-corner/; Tyler’s original: https://sites.google.com/gshare.blackgold.ca/bridgetester/home,
Plural Pattern Lab,Reading & writing,Word work; Sorting; Practice questions; Printables,"Build plurals, sort words by spelling pattern, and revisit words that need practice. Includes irregular contrasts and printable word pairs.",https://maltais239.github.io/interactives/walker-corner/plurals/,Mr. Walker’s Corner: https://maltais239.github.io/interactives/walker-corner/; Tyler’s original: https://sites.google.com/gshare.blackgold.ca/plural-practice/home,
