Repository,Path,Source title,Disposition,Catalogue title
BlackGoldSchoolDivision/interactives,ASC-Triangle/index.html,Association Triangle,Catalogue entry,Association Triangle
BlackGoldSchoolDivision/interactives,HEX-Thinker/index.html,Hexagonal Thinking Workspace,Catalogue entry,HEX-Thinker
BlackGoldSchoolDivision/interactives,Mackwoodmapping/index.html,World Country Challenge,Catalogue entry,Mackwood Mapping
BlackGoldSchoolDivision/interactives,RiverviewEnglish/index.html,English for Chinese Students — Practice,Catalogue entry,English Practice for Chinese Speakers
BlackGoldSchoolDivision/interactives,accessible-periodic-table/index.html,Accessible Periodic Table,Catalogue entry,Accessible Periodic Table
BlackGoldSchoolDivision/interactives,alphabet-picture-cards/index.html,Print &amp; Play Cards,Catalogue entry,Print & Play Cards
BlackGoldSchoolDivision/interactives,docuclear/index.html,DocuClear - PDF to Accessible Text,Catalogue entry,DocuClear
BlackGoldSchoolDivision/interactives,exponentexplorer/index.html,Exponent Explorer,Catalogue entry,Exponent Explorer
BlackGoldSchoolDivision/interactives,exponentsgame/index.html,Exponent Explorers,Companion or source link,Exponent Explorer
BlackGoldSchoolDivision/interactives,fractionexplorer/index.html,Grade 7 Math: Fraction Explorer,Catalogue entry,Fraction Explorer
BlackGoldSchoolDivision/interactives,frayerblank/index.html,Interactive Frayer Model,Earlier or alternate version; representative retained,
BlackGoldSchoolDivision/interactives,frayerblankjpg/index.html,Interactive Frayer Model,Catalogue entry,Interactive Frayer Model
BlackGoldSchoolDivision/interactives,governmentsorting/index.html,Levels of Government: Sorting Challenge,Catalogue entry,Levels of Government Sort
BlackGoldSchoolDivision/interactives,grade7life/index.html,Grade 7 Financial Choices: A Year in the Life,Catalogue entry,A Year in the Life
BlackGoldSchoolDivision/interactives,hexthinkingtool/index.html,Hexagonal Thinking Tool,Earlier or alternate version; representative retained,
BlackGoldSchoolDivision/interactives,index.html,,Further review,
BlackGoldSchoolDivision/interactives,integerexplorer/index.html,Integer Operations Explorer,Catalogue entry,Integer Operations Explorer
BlackGoldSchoolDivision/interactives,integerexploreradvanced/index.html,Integer Operations Explorer,Companion or source link,Integer Operations Explorer
BlackGoldSchoolDivision/interactives,ionicnomenclature/index.html,Chem 20: Ionic Nomenclature,Catalogue entry,Ionic Nomenclature
BlackGoldSchoolDivision/interactives,irrationalnumbers/index.html,Grade 8: Irrational Numbers Explorer,Catalogue entry,Irrational Numbers Explorer
BlackGoldSchoolDivision/interactives,labcraft/index.html,LabCraft - Science Lab Generator,Further review,
BlackGoldSchoolDivision/interactives,mapmastersubregions/index.html,World Subregion Challenge,Catalogue entry,Mapmaster with Subregions
BlackGoldSchoolDivision/interactives,myfriendsquestionoftheweek/index.html,Learn About My Friends! — Landscape Interactive v4,Catalogue entry,Learn About My Friends
BlackGoldSchoolDivision/interactives,numbersorter/index.html,Rational vs Irrational Number Sort,Catalogue entry,Rational or Irrational?
BlackGoldSchoolDivision/interactives,orderingrationalnumbers/index.html,Ordering Rational Numbers,Catalogue entry,Ordering Rational Numbers
BlackGoldSchoolDivision/interactives,perfectsquaresandcubes/index.html,Perfect Squares & Cubes Explorer,Catalogue entry,Perfect Squares & Cubes
BlackGoldSchoolDivision/interactives,perfectsquaresexplorer/index.html,Grade 8 Math: Squares & Rational Numbers,Companion or source link,Perfect Squares & Cubes
BlackGoldSchoolDivision/interactives,perspectivesoncontact/index.html,Cultural Contact: Historical Perspectives,Catalogue entry,Cultural Contact: Perspectives
BlackGoldSchoolDivision/interactives,photosynthesislab/index.html,Photosynthesis Virtual Lab,Catalogue entry,Photosynthesis Virtual Lab
BlackGoldSchoolDivision/interactives,polynomials/index.html,Polynomial Explorer,Catalogue entry,Polynomial Explorer
BlackGoldSchoolDivision/interactives,powerexplorer/index.html,Power Explorer: Grade 8 Exponents,Companion or source link,Exponent Explorer
BlackGoldSchoolDivision/interactives,rationalnumbers/index.html,Rational Numbers Explorer,Catalogue entry,Rational Numbers Explorer
BlackGoldSchoolDivision/interactives,realnumberdrop/index.html,Real Number Drop,Catalogue entry,Real Number Drop
BlackGoldSchoolDivision/interactives,science-inquiry-builder/index.html,Science Inquiry Builder v1.0,Catalogue entry,Science Inquiry Builder
BlackGoldSchoolDivision/interactives,space-activities/index.html,"Space Arcade — Read, Move, Think",Catalogue entry,Space Arcade
BlackGoldSchoolDivision/interactives,textleveler/index.html,AI Text Releveling,Further review,
BlackGoldSchoolDivision/interactives,thinkingroutines7/index.html,Grade 7 Thinking Routines,Companion or source link,Thinking Routines
BlackGoldSchoolDivision/interactives,thinkingroutines8/index.html,Grade 8 Thinking Routines,Catalogue entry,Thinking Routines
BlackGoldSchoolDivision/interactives,thinkingroutines9/index.html,Grade 9 Thinking Routines,Companion or source link,Thinking Routines
BlackGoldSchoolDivision/interactives,twotruthsandalie/index.html,2 Truths and a Lie - Educator Tool,Catalogue entry,Two Truths and a Lie
BlackGoldSchoolDivision/interactives,vocabgenerator/index.html,Curriculum Vocabulary Generator,Additional topic set or version; review before adding,
BlackGoldSchoolDivision/interactives,vocabularyarcade2.0/index.html,Vocabulary Arcade 2.0,Additional topic set or version; review before adding,
BlackGoldSchoolDivision/interactives,vocabularyarcadevisual-slim/index.html,,Additional topic set or version; review before adding,
BlackGoldSchoolDivision/interactives,vocabularyarcadevisual/index.html,,Catalogue entry,Vocabulary Arcade
BlackGoldSchoolDivision/interactives,wordworks-lab/index.html,"WordWorks Lab · Prefixes, Base Words & Suffixes",Catalogue entry,WordWorks Lab
Maltais239/interactives,3levelsofgovernment/index.html,Three Levels of Government - Canada,Catalogue entry,Government Leaders & Responsibilities
Maltais239/interactives,3minuteItalian/index.html,3 Minute Italian Vocab Trainer,Catalogue entry,Three-Minute Italian
Maltais239/interactives,AACboard/index.html,AAC Communication Board,Catalogue entry,AAC Communication Board
Maltais239/interactives,AIcardgenerator1.0/index.html,Awesome Card Generator v1.2,Additional topic set or builder; review before adding,
Maltais239/interactives,AIcardsgenerator/index.html,Working AI Flashcard Generator Nov. 24,Additional topic set or builder; review before adding,
Maltais239/interactives,Albertaregionscoloringpage/index.html,Alberta Regions Coloring Page,Catalogue entry,Geo Colouring Page
Maltais239/interactives,Albertaregionsgame/index.html,Alberta Regions Hub,Catalogue entry,Alberta Regions Quiz
Maltais239/interactives,Albertatradeandtransport/index.html,Trade & Transportation Match,Further review,
Maltais239/interactives,Canadageotrek/index.html,CanadaTrek,Catalogue entry,CanadaTrek
Maltais239/interactives,Canadiangeochallenge1/index.html,Canadian Geography Challenge,Catalogue entry,Canadian Geography: Local Places
Maltais239/interactives,Canadiangeographychallenge2/index.html,Canadian Geography Challenge,Catalogue entry,"Provinces, Territories & Capitals"
Maltais239/interactives,Canadiangeographyfacts1/index.html,Interactive Map of Canada,Catalogue entry,Canada Fact Finder
Maltais239/interactives,Canadiangeographyhub/index.html,Canadian Geography Hub,Catalogue entry,Canadian Geography Hub
Maltais239/interactives,Canadiangeographyquiz1/index.html,Canada Map Challenge,Catalogue entry,Provinces & Territories Map Challenge
Maltais239/interactives,Canadianprovincescoloring/index.html,Provinces and Territories Coloring Page,Catalogue entry,Canada Provinces Colouring Page
Maltais239/interactives,Canadianregionscoloring/index.html,Canada Regions Coloring Page,Catalogue entry,Canada Regions Colouring Page
Maltais239/interactives,Charbonneaumapyouknow/index.html,World Explorer 1.0,Catalogue entry,Civilizations & Trade Routes
Maltais239/interactives,Englishlearninggame/index.html,Fun English Learning Game,Catalogue entry,English Learning Game
Maltais239/interactives,MAZE/index.html,CORE Reading Maze Comprehension Test,Catalogue entry,Reading Maze Printables
Maltais239/interactives,MMGovernment/index.html,Systems of Government: Democracy in Canada,Catalogue entry,Systems of Government
Maltais239/interactives,MMGovernmentFR/index.html,Systèmes de gouvernement : La démocratie au Canada,Companion or source link,Systems of Government
Maltais239/interactives,Mackwoodmapping/index.html,World Country Challenge,Companion or source link,Mackwood Mapping
Maltais239/interactives,PATpracticemath6FR/index.html,Jeu de Révision Mathématiques,Catalogue entry,Pratique des mathématiques
Maltais239/interactives,PATpracticescience6/index.html,Science PAT Practice,Catalogue entry,Science Practice Questions
Maltais239/interactives,PATpracticescience6FR/index.html,Science PAT Practice,Translation needs review: FR copy currently renders English,
Maltais239/interactives,PeskensofPower2/index.html,Ruler of the Ancients: Strategy RPG,Outside the selected classroom collection,
Maltais239/interactives,Peskenspower/index.html,Grade 5 Digital Storyboard Race,Outside the selected classroom collection,
Maltais239/interactives,RegionsofAlberta/index.html,Regions and Subregions of Alberta,Catalogue entry,Alberta Regions & Subregions
Maltais239/interactives,RegionsofCanada/index.html,Interactive Map of Canada's Physiographic Regions,Catalogue entry,Canada’s Physiographic Regions
Maltais239/interactives,RegionsofCanadaquiz/index.html,Canada's Regions Hub,Catalogue entry,Canada’s Regions Quiz
Maltais239/interactives,Searssorting/index.html,,Additional topic set or version; review before adding,
Maltais239/interactives,Spanishpractice/index.html,3 Minute Spanish Practice App,Catalogue entry,Spanish Spark
Maltais239/interactives,Spanishvocab/index.html,Spanish Word Matching Game,Additional topic set or version; review before adding,
Maltais239/interactives,Spanishwordchecker/index.html,Spanish Word Checker,Further review,
Maltais239/interactives,Troisniveauxdegouvernement/index.html,Trois niveaux de gouvernement - Canada,Companion or source link,Government Leaders & Responsibilities
Maltais239/interactives,USstates/index.html,US States Geography Game,Catalogue entry,US States
Maltais239/interactives,abioticbioticsort/index.html,Sorting Game - Abiotic vs. Biotic Components,Catalogue entry,Biotic & Abiotic Sort
Maltais239/interactives,accessible-periodic-table/index.html,Accessible Periodic Table,Alternate repository copy; canonical link retained,
Maltais239/interactives,ancientcivilizations/index.html,Civilizations of the World — Alberta Curriculum Map,Catalogue entry,Civilizations of the World
Maltais239/interactives,ancientcivilizationsgem/index.html,Civilizations of the World — Alberta Curriculum Map,Further review,
Maltais239/interactives,animaldiets/index.html,Sorting Game – Animal Diets,Catalogue entry,Animal Diets Sort
Maltais239/interactives,animaltamagotchi/index.html,Interactive Creature Care v4.7: Bear Images,Catalogue entry,Interactive Creature Care
Maltais239/interactives,base10/index.html,Base 10 Blocks Interactive,Catalogue entry,Base 10 Blocks
Maltais239/interactives,basicflashcards/index.html,Interactive Flashcards,Companion or source link,Make Your Own Flashcards
Maltais239/interactives,beebot/index.html,🐝 Bee-Bot Adventure,Catalogue entry,Bee-Bot Adventure
Maltais239/interactives,behavioursort1/index.html,Animal Behavior Sorter 🐾,Additional topic set or builder; review before adding,
Maltais239/interactives,cagedguitar/index.html,Interactive Guitar Neck - CAGED Shapes & Triads,Outside the selected classroom collection,
Maltais239/interactives,canada-map-challenge/index.html,Canada Map Challenge,Catalogue entry,Canada Map Challenge
Maltais239/interactives,canadaregionscoloring/index.html,Canada Regions Coloring Page,Further review,
Maltais239/interactives,codeandgo/index.html,Code & Go Interactive Maze,Catalogue entry,Code & Go Maze
Maltais239/interactives,commerceetressources/index.html,Commerce et Ressources : Défi du tri,Companion or source link,Trade & Resources Sort
Maltais239/interactives,commerceettransports/index.html,Match Commerce et Transports,Further review,
Maltais239/interactives,continentsgame/index.html,World Map Geography Game V3,Catalogue entry,Continents Identification
Maltais239/interactives,cosmicparticles/index.html,Cosmic Canvas v2 - Natural Throw,Further review,
Maltais239/interactives,cosmicsequenceexplorer3/index.html,Cosmic Sequence Explorer,Further review,
Maltais239/interactives,createyourownvocabmatch/index.html,Vocabulary Matching Game,Additional topic set or version; review before adding,
Maltais239/interactives,custommorphologygame/index.html,Can I Have a Word?,Catalogue entry,Can I Have a Word?
Maltais239/interactives,definitiondraw/index.html,Definition Draw,Catalogue entry,Definition Draw
Maltais239/interactives,dinodig/index.html,STRATA — Alberta Field Excavation,Catalogue entry,STRATA: Alberta Field Excavation
Maltais239/interactives,dropdownmaker/index.html,Dropdown Quiz,Catalogue entry,Dropdown Questions
Maltais239/interactives,earthchanges/index.html,Sorting Game – Earth's Surface Changes,Additional topic set or builder; review before adding,
Maltais239/interactives,earthsystems2match/index.html,Science Definition Match: Earth Systems,Further review,
Maltais239/interactives,earthsystemsvocabsort/index.html,Vocabulary Match,Additional topic set or version; review before adding,
Maltais239/interactives,energyproscons/index.html,Sorting Game - Specific Energy Pros & Cons,Additional topic set or builder; review before adding,
Maltais239/interactives,findtheangle1/index.html,What's the Angle?,Catalogue entry,What's the Angle?
Maltais239/interactives,flashcardgame/index.html,Our Land Vocabulary Game,Additional topic set or version; review before adding,
Maltais239/interactives,flashcardimagegeneratordownload/index.html,AI Flashcard Illustrator & Exporter,Additional topic set or version; review before adding,
Maltais239/interactives,flyleaf2.0/index.html,Sentence Building Version 2.0,Catalogue entry,Sentence Building
Maltais239/interactives,flyleafsheet/index.html,Sentence Building Version 1.0,Earlier or alternate version; representative retained,
Maltais239/interactives,foodchain/index.html,Circular Food Chain Challenge - Alberta Focus,Catalogue entry,Food Chain Challenge
Maltais239/interactives,forcesort/index.html,Forces Sorting Game,Additional topic set or builder; review before adding,
Maltais239/interactives,forestmath1/index.html,Forest Math Adventure,Catalogue entry,Forest Math Adventure
Maltais239/interactives,furtrade/index.html,Fur Trade Game,Catalogue entry,Fur Trade Game
Maltais239/interactives,generateyourownflashcards/index.html,Interactive Flashcards,Catalogue entry,Make Your Own Flashcards
Maltais239/interactives,geotrek/index.html,GeoTrek — Fixed Basemap,Catalogue entry,GeoTrek
Maltais239/interactives,geotrekUSA/index.html,US States Trek Game,Catalogue entry,US States GeoTrek
Maltais239/interactives,github-connection-test-2026.html,,Testing or outside the classroom collection,
Maltais239/interactives,grade3albertavocab/index.html,,Additional topic set or version; review before adding,
Maltais239/interactives,grade3numberedtreaties/index.html,Treaty Explorer: Student Research Edition,Catalogue entry,Grade 3 Treaty Explorer
Maltais239/interactives,grade3timeplaceAlbertamatch/index.html,,Further review,
Maltais239/interactives,grade3vocabarcade/index.html,,Additional topic set or version; review before adding,
Maltais239/interactives,grade5systemsarcade/index.html,,Additional topic set or version; review before adding,
Maltais239/interactives,grade5systemsarcadeFR/index.html,,Additional topic set or version; review before adding,
Maltais239/interactives,guitartrainer/index.html,Fretwork — Guitar Note &amp; Chord Trainer,Outside the selected classroom collection,
Maltais239/interactives,hazardsymbolmatch/index.html,Hazard Symbol Matching Game,Additional topic set or builder; review before adding,
Maltais239/interactives,heartwords/index.html,Heart Word Mapper,Catalogue entry,Heart Word Mapper
Maltais239/interactives,humanimpact/index.html,Sorting Game - Human Impact,Additional topic set or builder; review before adding,
Maltais239/interactives,ideologyscanner/index.html,Spectrum Analyzer: Individualism vs Collectivism,Catalogue entry,Ideology Spectrum Analyzer
Maltais239/interactives,imagespark/index.html,Image Spark: Visual Analysis Tool,Catalogue entry,Image Spark
Maltais239/interactives,infospark/index.html,MacGregor Maltais InfoSpark: The Writing Engine,Catalogue entry,InfoSpark
Maltais239/interactives,inheritedtraits2/index.html,Sorting Game - Inherited Traits,Additional topic set or builder; review before adding,
Maltais239/interactives,internalexternalforces/index.html,Sorting Game - Internal vs. External Forces,Additional topic set or builder; review before adding,
Maltais239/interactives,jsonflashcardimportermatchinggame/index.html,Vocabulary Arcade 2.0,Additional topic set or version; review before adding,
Maltais239/interactives,jsonflashcardmaker/index.html,Vocabulary Matching Game,Additional topic set or version; review before adding,
Maltais239/interactives,knowledgesparktp4/index.html,Knowledge Spark: Show What You Know,Catalogue entry,Knowledge Spark
Maltais239/interactives,labelCanada/index.html,Canada Labeling Challenge,Catalogue entry,Label Canada
Maltais239/interactives,labeltheworld/index.html,Label the World — No API Key,Catalogue entry,Label the Countries of the World
Maltais239/interactives,latitudelongitude/index.html,Geo-Locator Game,Catalogue entry,Latitude & Longitude
Maltais239/interactives,laurier/index.html,Laurier — Darren + Jeff + Brad,Outside the selected classroom collection,
Maltais239/interactives,lifecyclesinteractive/index.html,Life Cycles Activity (Touch Enabled),Catalogue entry,Life Cycles
Maltais239/interactives,lightsources2/index.html,Sorting Game - Light Sources,Additional topic set or builder; review before adding,
Maltais239/interactives,livingsystemsmatch/index.html,Living Systems Vocabulary Matching Game,Additional topic set or builder; review before adding,
Maltais239/interactives,livingsystemsreadingpassage/index.html,Student Annotation Activity - Ecosystems (Highlighting),Catalogue entry,Ecosystems Annotation
Maltais239/interactives,livingsystemsreadingpassageFR/index.html,Activité d'Annotation Étudiante - Écosystèmes,Companion or source link,Ecosystems Annotation
Maltais239/interactives,magneticornot/index.html,Magnetic or Not? Sorting,Further review,
Maltais239/interactives,makechange/index.html,Cashier Change Game,Catalogue entry,Cashier Change Challenge
Maltais239/interactives,mandrykmemorymatch/index.html,Symbol of Alberta Memory Matching Game,Catalogue entry,Symbols of Alberta Memory Game
Maltais239/interactives,mandrykmillions/index.html,Who Wants to Be an Albertan Millionaire?,Catalogue entry,Alberta Millionaire Quiz
Maltais239/interactives,mapmastersubregions/index.html,World Subregion Challenge,Alternate repository copy; canonical link retained,
Maltais239/interactives,mappmastersubregions/index.html,World Subregion Challenge,Earlier or alternate version; representative retained,
Maltais239/interactives,math4taskcards/index.html,Interactive Math Task Cards,Catalogue entry,Interactive Math Task Cards
Maltais239/interactives,mattergrade5/index.html,Vocabulary Match,Additional topic set or builder; review before adding,
Maltais239/interactives,mattersort1/index.html,Sorting Game - Measurable vs. Unmeasurable,Additional topic set or builder; review before adding,
Maltais239/interactives,mattersort1b/index.html,Sorting Game - Weight Sorting,Additional topic set or builder; review before adding,
Maltais239/interactives,mcquestions/index.html,Cacao Passage Quiz,Catalogue entry,Cacao Reading Questions
Maltais239/interactives,measurementmatch/index.html,Measurement Tool Match-Up!,Additional topic set or builder; review before adding,
Maltais239/interactives,mixedupCanada2/index.html,Canada SVG Puzzle – OFFLINE,Earlier or alternate version; representative retained,
Maltais239/interactives,mixedupcanadapuzzle/index.html,Canada SVG Puzzle – OFFLINE,Catalogue entry,Mixed-Up Canada Puzzle
Maltais239/interactives,moneysorting/index.html,Money Sorting Activity,Catalogue entry,Make the Amount
Maltais239/interactives,moonphases-fr/index.html,Les phases de la Lune · Laboratoire interactif,Companion or source link,Moon Phase Lab
Maltais239/interactives,moonphases/index.html,Moon Phase Lab · Explore the lunar cycle,Catalogue entry,Moon Phase Lab
Maltais239/interactives,morphemematchup/index.html,Morpheme Match-Up,Catalogue entry,Morpheme Match-Up
Maltais239/interactives,morphologyboard/index.html,Magnetic Morphology Boards - 50+ Words,Catalogue entry,Magnetic Morphology Boards
Maltais239/interactives,morphologycards2/index.html,Magnetic Morphology Flashcards - 50+ Words,Catalogue entry,Magnetic Morphology Flashcards
Maltais239/interactives,morphologygame/index.html,Can I Have a Word?,Companion or source link,Can I Have a Word?
Maltais239/interactives,naturalprocessedsort/index.html,Sorting Game – OpenMoji Edition,Catalogue entry,Natural & Processed Materials
Maltais239/interactives,naturalresourcessort2/index.html,,Catalogue entry,Natural Resources: Resource Depot
Maltais239/interactives,naturalresourcessort2FR/index.html,,Further review,
Maltais239/interactives,naturalvsconstructed/index.html,Sorting Game – Community Features,Additional topic set or builder; review before adding,
Maltais239/interactives,naturalvsconstructedsort/index.html,,Further review,
Maltais239/interactives,nicematching/index.html,Definition Match Pro - Creator,Further review,
Maltais239/interactives,numberedtreaties/index.html,Numbered Treaties of Canada,Catalogue entry,Numbered Treaties of Canada
Maltais239/interactives,numberedtreatiesAlberta/index.html,Numbered Treaties of Canada (Alberta Focus),Catalogue entry,Numbered Treaties: Alberta Focus
Maltais239/interactives,numbersense6/index.html,Number Sense,Catalogue entry,Number Sense
Maltais239/interactives,observerlespace/index.html,Outils pour observer l'espace,Further review,
Maltais239/interactives,oceancounting/index.html,Ocean Counting Explorer,Catalogue entry,Ocean Counting Explorer
Maltais239/interactives,openmojiandAIcardmaker/index.html,Openmoji and AI Flashcard Generator,Additional topic set or builder; review before adding,
Maltais239/interactives,openmojiflashcardmaker/index.html,OpenMoji Flashcards,Additional topic set or version; review before adding,
Maltais239/interactives,orderingsteps/index.html,Cacao Steps Drag and Drop,Catalogue entry,Order the Cacao Steps
Maltais239/interactives,ordersofgovernment/index.html,Levels of Government: Sorting Challenge,Additional topic set or version; review before adding,
Maltais239/interactives,ordersofgovernmentfr/index.html,Jeu de tri - Les ordres de gouvernement au Canada,Companion or source link,Levels of Government Sort
Maltais239/interactives,parentoffspringmatch/index.html,Matching Game - Parent & Offspring,Additional topic set or builder; review before adding,
Maltais239/interactives,patrimoineettraditions/index.html,,Further review,
Maltais239/interactives,patterndetective3/index.html,Pattern Detective - Grade 3 Math,Catalogue entry,Pattern Detective
Maltais239/interactives,patternquest3/index.html,Pattern Quest – Grade 3 Magic Meadow,Companion or source link,Pattern Detective
Maltais239/interactives,pdfvocabcardAIgenerator/index.html,Double-Sided Flashcards,Additional topic set or version; review before adding,
Maltais239/interactives,physicalandpoliticalboundaries/index.html,Alberta's Boundaries,Catalogue entry,Alberta's Boundaries
Maltais239/interactives,piratemapping/index.html,Pirate Treasure Hunt,Catalogue entry,Pirate Mapping
Maltais239/interactives,pitchtrainer/index.html,Chromatic Ascent - Pitch Trainer,Outside the selected classroom collection,
Maltais239/interactives,placenamesgrade3/index.html,Place Names of Alberta v2.3: Visual Update,Catalogue entry,Place Names of Alberta: Grade 3
Maltais239/interactives,placenamesofAlberta/index.html,Interactive Map of Alberta's Place Names,Catalogue entry,Place Names of Alberta
Maltais239/interactives,plantanimalsurvival/index.html,Plants vs. Animals: Sort & Learn,Further review,
Maltais239/interactives,planttamagotchi/index.html,Interactive Plant Grower v7,Catalogue entry,Interactive Plant Grower
Maltais239/interactives,portroyalmap/index.html,,Catalogue entry,Port Royal Map
Maltais239/interactives,pratiquefrancais/index.html,Français Québec — Practice,Catalogue entry,Français Québec Practice
Maltais239/interactives,preassess/index.html,Building & Breaking Numbers App,Catalogue entry,Building & Breaking Numbers
Maltais239/interactives,readinginteractiveborealforest/index.html,Boreal Forest Comprehension,Catalogue entry,Boreal Forest Comprehension
Maltais239/interactives,renewablenonrenewable/index.html,Sorting Game - Renewable vs. Non-Renewable Energy,Catalogue entry,Renewable Energy Sort
Maltais239/interactives,ressources/index.html,,Further review,
Maltais239/interactives,riseandfall/index.html,,Further review,
Maltais239/interactives,riseandfall2/index.html,,Further review,
Maltais239/interactives,rootsofideology/index.html,Roots of Ideology: Individualism vs. Collectivism,Catalogue entry,Roots of Ideology
Maltais239/interactives,rootwords/index.html,Rooting For You! · A word parts lab,Catalogue entry,Rooting For You!
Maltais239/interactives,sacredwheel/index.html,Sacred Circle,Further review,
Maltais239/interactives,sciencescriptcreator/index.html,Vids Script Creator - Particle Theory,Earlier or alternate version; representative retained,
Maltais239/interactives,seasonexplorer1/index.html,Seasons Explorer – Slick Edition,Catalogue entry,Seasons Explorer
Maltais239/interactives,setlist Creator/index.html,Set List Creator,Testing or outside the classroom collection,
Maltais239/interactives,setlistcreator/index.html,Setlist Creator 2.9.9,Testing or outside the classroom collection,
Maltais239/interactives,setlistcreator3.0.14/index.html,Setlist Creator 3.0.14,Testing or outside the classroom collection,
Maltais239/interactives,simpleregionsofAlberta/index.html,Simplified Map of Alberta's Regions,Catalogue entry,Alberta Regions Explorer
Maltais239/interactives,simplevocabmatch/index.html,Vocabulary Matching Game,Additional topic set or version; review before adding,
Maltais239/interactives,social-studies-7-9/index.html,Social Studies 7–9 · Interactive Activities,Catalogue entry,Social Studies 7–9 Activities
Maltais239/interactives,social3floatingmatch/index.html,Social Studies - Round Match,Further review,
Maltais239/interactives,social789/index.html,Social Studies 7–9 · Interactive Activities,Earlier or alternate version; representative retained,
Maltais239/interactives,songfiles/index.html,,Testing or outside the classroom collection,
Maltais239/interactives,sortingcreator/index.html,AI Sorting Game Builder,Catalogue entry,Sorting Game Builder
Maltais239/interactives,soundsources2/index.html,Sorting Game - Sound Sources,Additional topic set or builder; review before adding,
Maltais239/interactives,soundstructurespell/index.html,"Sound, Structure, Spell",Catalogue entry,"Sound, Structure, Spell"
Maltais239/interactives,spacesharing/index.html,Space Math Explorers,Catalogue entry,Space Math Explorers
Maltais239/interactives,spanishpractice/index.html,3 Minute Spanish Vocab Trainer,Further review,
Maltais239/interactives,statesofmattersort/index.html,"Solid, Liquid, Gas Sorting Activity (Grade 5)",Catalogue entry,States of Matter Sort
Maltais239/interactives,talebotgame/index.html,Talebot V1's Adventure,Catalogue entry,Tale-Bot Adventure
Maltais239/interactives,teachermorphologymaker/index.html,Morpheme Game Generator,Catalogue entry,Morpheme Game Generator
Maltais239/interactives,testfile/index.html,,Testing or outside the classroom collection,
Maltais239/interactives,testfiles/index.html,,Testing or outside the classroom collection,
Maltais239/interactives,thinkingroutines8/index.html,Grade 8 Thinking Routines,Alternate repository copy; canonical link retained,
Maltais239/interactives,timeplace1vocab/index.html,Vocabulary Arcade 1.0,Additional topic set or version; review before adding,
Maltais239/interactives,traderesources2/index.html,Trade & Resources: Sorting Challenge,Catalogue entry,Trade & Resources Sort
Maltais239/interactives,transparentopaque/index.html,Sorting Game - Transparent vs. Opaque,Catalogue entry,Transparent & Opaque Sort
Maltais239/interactives,unicodeandAIcardcreatorexporter/index.html,Unicode and AI Flashcard Generator and Exporter,Additional topic set or builder; review before adding,
Maltais239/interactives,vcesoundtest/index.html,"Sound, Structure, Spell",Testing or outside the classroom collection,
Maltais239/interactives,venndiagram/index.html,Venn Diagram Sorting Activity - Consistent Ghost Dragging,Catalogue entry,Venn Diagram Sorting
Maltais239/interactives,vidsscriptmaker/index.html,Vids Script Creator - Particle Theory,Catalogue entry,Science Video Script Builder
Maltais239/interactives,visualschedule/index.html,Visual Schedule,Catalogue entry,Visual Schedule
Maltais239/interactives,vocabarcade42fr/index.html,,Additional topic set or version; review before adding,
Maltais239/interactives,vocabarcade5timeplaceLO2/index.html,,Additional topic set or version; review before adding,
Maltais239/interactives,vocabarcade5timeplaceLO2FR/index.html,,Additional topic set or version; review before adding,
Maltais239/interactives,vocabarcadeTP4/index.html,,Additional topic set or version; review before adding,
Maltais239/interactives,vocabarcadeTP4FR/index.html,,Additional topic set or version; review before adding,
Maltais239/interactives,vocabarcadeTP4LO2/index.html,Vocabulary Arcade 1.2 Import Works!,Additional topic set or version; review before adding,
Maltais239/interactives,vocabarcadeTP6Athens/index.html,,Additional topic set or version; review before adding,
Maltais239/interactives,vocabarcadeTP6democracy/index.html,,Additional topic set or version; review before adding,
Maltais239/interactives,vocabarcadeTP6democracyFR/index.html,,Additional topic set or version; review before adding,
Maltais239/interactives,vocabarcadetp5LO1/index.html,,Additional topic set or version; review before adding,
Maltais239/interactives,vocabarcadetp5LO1fr/index.html,,Additional topic set or version; review before adding,
Maltais239/interactives,vocabarcadetp5LO2FR/index.html,,Additional topic set or version; review before adding,
Maltais239/interactives,vocabgraphicorganizer/index.html,Vocabulary Graphic Organizer,Catalogue entry,Vocabulary Graphic Organiser
Maltais239/interactives,vocabinvaders/index.html,Vocabulary Invaders,Additional topic set or version; review before adding,
Maltais239/interactives,vocabmatchbuilder/index.html,Vocabulary Match Builder,Catalogue entry,Vocabulary Match Builder
Maltais239/interactives,vocabmatchtimeandplace3/index.html,Vocabulary Match,Additional topic set or version; review before adding,
Maltais239/interactives,vocabtimeplace1/index.html,,Additional topic set or version; review before adding,
Maltais239/interactives,vocabtimeplace1FR/index.html,,Additional topic set or version; review before adding,
Maltais239/interactives,vocabularyarcadevisual-slim/index.html,,Additional topic set or version; review before adding,
Maltais239/interactives,vocabularyarcadevisual/index.html,,Additional topic set or version; review before adding,
Maltais239/interactives,vocabularysnake/index.html,Vocabulary Snake: Social Studies Review,Additional topic set or version; review before adding,
Maltais239/interactives,voidrunner/index.html,VOID RUNNER,Outside the selected classroom collection,
Maltais239/interactives,wantsandneedssort/index.html,Sorting Game - Wants vs. Needs,Catalogue entry,Wants & Needs Sort
Maltais239/interactives,water-cycle-explorer/index.html,Water Cycle Explorer,Catalogue entry,Water Cycle Explorer
Maltais239/interactives,watercycledragndrop/index.html,Water Cycle Activity,Further review,
Maltais239/interactives,weatherforecastcreator/index.html,Weather Dashboard - Student Input,Catalogue entry,Weather Dashboard
Maltais239/interactives,weathervsclimate/index.html,Sorting Game - Weather and Climate,Catalogue entry,Weather & Climate Sort
Maltais239/interactives,wordwork/index.html,Vocabulary Worksheet,Further review,
Maltais239/interactives,wordworks-lab/index.html,"WordWorks Lab · Prefixes, Base Words & Suffixes",Alternate repository copy; canonical link retained,
Maltais239/interactives,worldgeography/index.html,World Geography Hub,Earlier or alternate version; representative retained,
Maltais239/interactives,worldgeography195/index.html,World Geography 195 — Fixed Basemap,Catalogue entry,Learn the Countries of the World
Maltais239/interactives,worldgeography195neon/index.html,World Geography 195 — Neon 1980s Edition,Earlier or alternate version; representative retained,
Maltais239/interactives,worldgeography2/index.html,world geography hub final,Earlier or alternate version; representative retained,
Maltais239/interactives,writerspark/index.html,MacGregor Maltais Magic Writer Spark 2.3,Catalogue entry,Writer Spark
Maltais239/interactives,writersparkpracticeapp/index.html,Writer Spark Practice App v1.3,Catalogue entry,Writer Spark Practice
Maltais239/interactives,yesno/index.html,Yes / No Board,Catalogue entry,Yes / No Board
